Date,Open,High,Low,Close,ST_value,ST_trend
2022-01-03,17387.15,17646.65,17383.3,17625.7,0.0,1
2022-01-04,17681.4,17827.6,17593.55,17805.25,,1
2022-01-05,17820.1,17944.7,17748.85,17925.25,,1
2022-01-06,17768.5,17797.95,17655.55,17745.9,,1
2022-01-07,17797.6,17905.0,17704.55,17812.7,,1
2022-01-10,17913.3,18017.45,17879.15,18003.3,,1
2022-01-11,17997.75,18081.25,17964.4,18055.75,,1
2022-01-12,18170.4,18227.95,18128.8,18212.35,,1
2022-01-13,18257.0,18272.25,18163.8,18257.8,,1
2022-01-14,18185.0,18286.95,18119.65,18255.75,,1
2022-01-17,18235.65,18321.55,18228.75,18308.1,17784.69032433422,1
2022-01-18,18337.2,18350.95,18085.9,18113.05,17784.69032433422,1
2022-01-19,18129.2,18129.2,17884.9,17938.4,17784.69032433422,1
2022-01-20,17921.0,17943.7,17648.45,17757.0,18401.883335148665,-1
2022-01-21,17613.7,17707.6,17485.85,17617.15,18229.45670509928,-1
2022-01-24,17575.15,17599.4,16997.85,17149.1,18085.63886267453,-1
2022-01-25,17001.55,17309.15,16836.8,17277.95,17937.322568161722,-1
2022-01-27,17062.0,17182.5,16866.75,17110.15,17933.288451778062,-1
2022-01-28,17208.3,17373.5,17077.1,17101.95,17933.288451778062,-1
2022-01-31,17301.05,17410.0,17264.15,17339.85,17933.288451778062,-1
2022-02-01,17529.45,17622.4,17244.55,17576.85,17933.288451778062,-1
2022-02-02,17706.2,17794.6,17674.8,17780.0,17933.288451778062,-1
2022-02-03,17767.75,17781.15,17511.15,17560.2,17933.288451778062,-1
2022-02-04,17590.2,17617.8,17462.55,17516.3,17933.288451778062,-1
2022-02-07,17456.3,17536.75,17119.4,17213.6,17933.288451778062,-1
2022-02-08,17279.85,17306.45,17043.65,17266.75,17933.288451778062,-1
2022-02-09,17370.1,17477.15,17339.0,17463.8,17933.288451778062,-1
2022-02-10,17554.1,17639.45,17427.15,17605.85,17933.288451778062,-1
2022-02-11,17451.0,17454.75,17303.0,17374.75,17933.288451778062,-1
2022-02-14,17076.15,17099.5,16809.65,16842.8,17882.326986237364,-1
2022-02-15,16933.25,17375.0,16839.25,17352.45,17882.326986237364,-1
2022-02-16,17408.45,17490.6,17257.7,17322.2,17882.326986237364,-1
2022-02-17,17396.55,17442.9,17235.85,17304.6,17882.326986237364,-1
2022-02-18,17236.05,17380.8,17219.2,17276.3,17882.326986237364,-1
2022-02-21,17192.25,17351.05,17070.7,17206.65,17882.326986237364,-1
2022-02-22,16847.95,17148.55,16843.8,17092.2,17882.326986237364,-1
2022-02-23,17194.5,17220.7,17027.85,17063.25,17882.326986237364,-1
2022-02-24,16548.9,16705.25,16203.25,16247.95,17498.01571360256,-1
2022-02-25,16515.65,16748.8,16478.3,16658.4,17498.01571360256,-1
2022-02-28,16481.6,16815.9,16356.3,16793.9,17498.01571360256,-1
2022-03-02,16593.1,16678.5,16478.65,16605.95,17498.01571360256,-1
2022-03-03,16723.2,16768.95,16442.95,16498.05,17498.01571360256,-1
2022-03-04,16339.45,16456.0,16133.8,16245.35,17384.78293080835,-1
2022-03-07,15867.95,15944.6,15711.45,15863.15,16969.647141363024,-1
2022-03-08,15747.75,16028.75,15671.45,16013.45,16969.647141363024,-1
2022-03-09,16078.0,16418.05,15990.0,16345.35,16969.647141363024,-1
2022-03-10,16757.1,16757.3,16447.9,16594.9,16969.647141363024,-1
2022-03-11,16528.8,16694.4,16470.9,16630.45,16969.647141363024,-1
2022-03-14,16633.7,16887.95,16606.5,16871.3,16969.647141363024,-1
2022-03-15,16900.65,16927.75,16555.0,16663.0,16969.647141363024,-1
2022-03-16,16876.65,16987.9,16837.85,16975.35,15837.92291867721,1
2022-03-17,17202.9,17344.6,17175.75,17287.05,16181.927842937801,1
2022-03-21,17329.5,17353.35,17096.4,17117.6,16181.927842937801,1
2022-03-22,17120.4,17334.4,17006.3,17315.5,16181.927842937801,1
2022-03-23,17405.05,17442.4,17199.6,17245.65,16311.323837909556,1
2022-03-24,17094.95,17291.75,17091.15,17222.75,16311.323837909556,1
2022-03-25,17289.0,17294.9,17076.55,17153.0,16311.323837909556,1
2022-03-28,17181.85,17235.1,17003.9,17222.0,16311.323837909556,1
2022-03-29,17297.2,17343.65,17235.7,17325.3,16431.713784399988,1
2022-03-30,17468.15,17522.5,17387.2,17498.25,16623.57819612417,1
2022-03-31,17519.2,17559.8,17435.2,17464.75,16712.05773266095,1
2022-04-01,17436.9,17703.7,17422.7,17670.45,16771.992635449693,1
2022-04-04,17809.1,18114.65,17791.4,18053.4,17107.599453092695,1
2022-04-05,18080.6,18095.45,17921.55,17957.4,17195.48947212314,1
2022-04-06,17842.75,17901.0,17779.85,17807.65,17195.48947212314,1
2022-04-07,17723.3,17787.5,17623.7,17639.55,17195.48947212314,1
2022-04-08,17698.15,17842.75,17600.55,17784.35,17195.48947212314,1
2022-04-11,17740.9,17779.05,17650.95,17674.95,17195.48947212314,1
2022-04-12,17584.85,17595.3,17442.35,17530.3,17195.48947212314,1
2022-04-13,17599.9,17663.65,17457.4,17475.65,17195.48947212314,1
2022-04-18,17183.45,17237.75,17067.85,17173.65,17913.917401535724,-1
2022-04-19,17258.95,17275.65,16824.7,16958.65,17870.499049246642,-1
2022-04-20,17045.25,17186.9,16978.95,17136.55,17870.499049246642,-1
2022-04-21,17234.6,17414.7,17215.5,17392.6,17870.499049246642,-1
2022-04-22,17242.75,17315.3,17149.2,17171.95,17870.499049246642,-1
2022-04-25,17009.05,17054.3,16888.7,16953.95,17777.911186111567,-1
2022-04-26,17121.3,17223.85,17064.45,17200.8,17777.911186111567,-1
2022-04-27,17073.35,17110.7,16958.45,17038.4,17777.911186111567,-1
2022-04-28,17189.5,17322.5,17071.05,17245.05,17777.911186111567,-1
2022-04-29,17329.25,17377.65,17053.25,17102.55,17777.911186111567,-1
2022-05-02,16924.45,17092.25,16917.25,17069.1,17777.911186111567,-1
2022-05-04,17096.6,17132.85,16623.95,16677.6,17746.148623557725,-1
2022-05-05,16854.75,16945.7,16651.85,16682.65,17667.904005480337,-1
2022-05-06,16415.55,16484.2,16340.9,16411.25,17297.29359183485,-1
2022-05-09,16227.7,16403.7,16142.1,16301.85,17149.91312455753,-1
2022-05-10,16248.9,16404.55,16197.3,16240.05,17149.91312455753,-1
2022-05-11,16270.05,16318.75,15992.6,16167.1,17019.856641075436,-1
2022-05-12,16021.1,16041.95,15735.75,15808.0,16796.022969375823,-1
2022-05-13,15977.0,16083.6,15740.85,15782.15,16796.022969375823,-1
2022-05-16,15845.1,15977.95,15739.65,15842.3,16757.641900040227,-1
2022-05-17,15912.6,16284.25,15900.8,16259.3,16757.641900040227,-1
2022-05-18,16318.15,16399.8,16211.2,16240.3,16757.641900040227,-1
2022-05-19,15917.4,15984.75,15775.2,15809.4,16757.641900040227,-1
2022-05-20,16043.8,16283.05,16003.85,16266.15,16757.641900040227,-1
2022-05-23,16290.95,16414.7,16185.75,16214.7,16757.641900040227,-1
2022-05-24,16225.55,16262.8,16078.6,16125.15,16757.641900040227,-1
2022-05-25,16196.35,16223.35,16006.95,16025.8,16757.641900040227,-1
2022-05-26,16105.0,16204.45,15903.7,16170.15,16757.641900040227,-1
2022-05-27,16296.6,16370.6,16221.95,16352.45,16757.641900040227,-1
2022-05-30,16527.9,16695.5,16506.15,16661.4,16757.641900040227,-1
2022-05-31,16578.45,16690.75,16521.9,16584.55,16757.641900040227,-1
2022-06-01,16594.4,16649.2,16438.85,16522.75,16757.641900040227,-1
2022-06-02,16481.65,16646.4,16443.05,16628.0,16757.641900040227,-1
2022-06-03,16761.65,16793.85,16567.9,16584.3,16757.641900040227,-1
2022-06-06,16530.7,16610.95,16444.55,16569.55,16757.641900040227,-1
2022-06-07,16469.6,16487.25,16347.1,16416.35,16757.641900040227,-1
2022-06-08,16474.95,16514.3,16293.35,16356.25,16757.641900040227,-1
2022-06-09,16263.85,16492.8,16243.85,16478.1,16757.641900040227,-1
2022-06-10,16283.95,16324.7,16172.6,16201.8,16757.641900040227,-1
2022-06-13,15877.55,15886.15,15684.0,15774.4,16625.773322543857,-1
2022-06-14,15674.25,15858.0,15659.45,15732.1,16574.91826333863,-1
2022-06-15,15729.25,15783.65,15678.9,15692.15,16497.2735186191,-1
2022-06-16,15832.25,15863.15,15335.1,15360.6,16446.93928051642,-1
2022-06-17,15272.65,15400.4,15183.4,15293.5,16120.03271958371,-1
2022-06-20,15334.5,15382.5,15191.1,15350.15,16089.539293324824,-1
2022-06-21,15455.95,15707.25,15419.85,15638.8,16089.539293324824,-1
2022-06-22,15545.65,15565.4,15385.95,15413.3,16089.539293324824,-1
2022-06-23,15451.55,15628.45,15367.5,15556.65,16089.539293324824,-1
2022-06-24,15657.4,15749.25,15619.45,15699.25,16089.539293324824,-1
2022-06-27,15926.2,15927.45,15815.5,15832.05,16089.539293324824,-1
2022-06-28,15757.45,15892.1,15710.15,15850.2,16089.539293324824,-1
2022-06-29,15701.7,15861.6,15687.8,15799.1,16089.539293324824,-1
2022-06-30,15774.5,15890.0,15728.85,15780.25,16089.539293324824,-1
2022-07-01,15703.7,15793.95,15511.05,15752.05,16089.539293324824,-1
2022-07-04,15710.5,15852.35,15661.8,15835.35,16089.539293324824,-1
2022-07-05,15909.15,16025.75,15785.45,15810.85,16089.539293324824,-1
2022-07-06,15818.2,16011.35,15800.9,15989.8,16089.539293324824,-1
2022-07-07,16113.75,16150.5,16045.95,16132.9,15417.82231825729,1
2022-07-08,16273.65,16275.5,16157.9,16220.6,15561.557621545518,1
2022-07-11,16136.15,16248.55,16115.5,16216.0,15561.557621545518,1
2022-07-12,16126.2,16158.75,16031.15,16058.3,15561.557621545518,1
2022-07-13,16128.2,16140.0,15950.15,15966.65,15561.557621545518,1
2022-07-14,16018.85,16070.85,15858.2,15938.65,15561.557621545518,1
2022-07-15,16010.8,16066.95,15927.3,16049.2,15561.557621545518,1
2022-07-18,16151.4,16287.95,16142.2,16278.5,15604.42743327222,1
2022-07-19,16187.05,16359.5,16187.05,16340.55,15671.957196148105,1
2022-07-20,16562.8,16588.0,16490.95,16520.85,15924.053968094122,1
2022-07-21,16523.55,16626.95,16483.9,16605.25,15958.631081316295,1
2022-07-22,16661.25,16752.25,16610.9,16719.45,16100.36048073588,1
2022-07-25,16662.55,16706.05,16564.25,16631.0,16100.36048073588,1
2022-07-26,16632.9,16636.1,16463.3,16483.85,16100.36048073588,1
2022-07-27,16475.35,16653.45,16438.75,16641.8,16100.36048073588,1
2022-07-28,16774.85,16947.65,16746.25,16929.6,16239.95850571356,1
2022-07-29,17079.5,17172.8,17018.15,17158.25,16476.22265163307,1
2022-08-01,17243.2,17356.25,17154.8,17340.05,16637.762886853627,1
2022-08-02,17310.15,17390.15,17215.85,17345.45,16694.724100367424,1
2022-08-03,17349.25,17407.5,17225.85,17388.15,16714.731691651938,1
2022-08-04,17463.1,17490.7,17161.25,17382.0,16714.731691651938,1
2022-08-05,17423.65,17474.4,17348.75,17397.5,16797.354418163188,1
2022-08-08,17401.5,17548.8,17359.75,17525.1,16844.76147706282,1
2022-08-10,17566.1,17566.1,17442.8,17534.75,16918.89783263664,1
2022-08-11,17711.65,17719.3,17631.95,17659.0,17093.26304976602,1
2022-08-12,17659.65,17724.65,17597.85,17698.15,17099.084247028815,1
2022-08-16,17797.2,17839.1,17764.05,17825.25,17253.34082371622,1
2022-08-17,17868.15,17965.95,17833.35,17944.25,17364.029242477467,1
2022-08-18,17898.65,17968.45,17852.05,17956.5,17393.271319736617,1
2022-08-19,17966.55,17992.2,17710.75,17758.45,17393.271319736617,1
2022-08-22,17682.9,17690.05,17467.35,17490.7,17393.271319736617,1
2022-08-23,17357.35,17625.55,17345.2,17577.5,17393.271319736617,1
2022-08-24,17525.45,17623.65,17499.25,17604.95,17393.271319736617,1
2022-08-25,17679.0,17726.5,17487.45,17522.45,17393.271319736617,1
2022-08-26,17619.3,17685.85,17519.35,17558.9,17393.271319736617,1
2022-08-29,17188.65,17380.15,17166.2,17312.9,17920.125738196075,-1
2022-08-30,17414.95,17777.65,17401.5,17759.3,17920.125738196075,-1
2022-09-01,17485.7,17695.6,17468.45,17542.8,17920.125738196075,-1
2022-09-02,17598.4,17643.85,17476.45,17539.45,17920.125738196075,-1
2022-09-05,17546.45,17683.15,17540.35,17665.8,17920.125738196075,-1
2022-09-06,17695.7,17764.65,17587.65,17655.6,17920.125738196075,-1
2022-09-07,17519.4,17650.75,17484.3,17624.4,17920.125738196075,-1
2022-09-08,17748.15,17807.65,17691.95,17798.75,17920.125738196075,-1
2022-09-09,17923.35,17925.95,17786.0,17833.35,17920.125738196075,-1
2022-09-12,17890.85,17980.55,17889.15,17936.35,17331.532881618983,1
2022-09-13,18044.45,18088.3,18015.45,18070.05,17463.30459365588,1
2022-09-14,17771.15,18091.55,17771.15,18003.75,17463.30459365588,1
2022-09-15,18046.35,18096.15,17861.5,17877.4,17463.30459365588,1
2022-09-16,17796.8,17820.05,17497.25,17530.85,17463.30459365588,1
2022-09-19,17540.65,17667.2,17429.7,17622.25,17463.30459365588,1
2022-09-20,17770.4,17919.3,17744.4,17816.25,17463.30459365588,1
2022-09-21,17766.35,17838.7,17663.6,17718.35,17463.30459365588,1
2022-09-22,17609.65,17722.75,17532.45,17629.8,17463.30459365588,1
2022-09-23,17593.85,17642.15,17291.65,17327.35,18181.779640713492,-1
2022-09-26,17156.3,17196.4,16978.3,17016.3,17835.456676815673,-1
2022-09-27,17110.9,17176.45,16942.35,17007.4,17802.92600911258,-1
2022-09-28,16870.55,17037.6,16820.4,16858.6,17663.33340816243,-1
2022-09-29,16993.6,17026.05,16788.6,16818.1,17639.460067337815,-1
2022-09-30,16798.05,17187.1,16747.7,17094.35,17639.460067337815,-1
2022-10-03,17102.1,17114.65,16855.55,16887.35,17639.460067337815,-1
2022-10-04,17147.45,17287.3,17117.3,17274.3,17639.460067337815,-1
2022-10-06,17379.25,17428.8,17315.65,17331.8,17639.460067337815,-1
2022-10-07,17287.2,17337.35,17216.95,17314.65,17639.460067337815,-1
2022-10-10,17094.35,17280.15,17064.7,17241.0,17639.460067337815,-1
2022-10-11,17256.05,17261.8,16950.3,16983.55,17639.460067337815,-1
2022-10-12,17025.55,17142.35,16960.05,17123.6,17639.460067337815,-1
2022-10-13,17087.35,17112.35,16956.95,17014.35,17639.460067337815,-1
2022-10-14,17322.3,17348.55,17169.75,17185.7,17639.460067337815,-1
2022-10-17,17144.8,17328.55,17098.55,17311.8,17639.460067337815,-1
2022-10-18,17438.75,17527.8,17434.05,17486.95,17639.460067337815,-1
2022-10-19,17568.15,17607.6,17472.85,17512.25,17639.460067337815,-1
2022-10-20,17423.1,17584.15,17421.0,17563.95,17639.460067337815,-1
2022-10-21,17622.85,17670.15,17520.75,17576.3,17639.460067337815,-1
2022-10-24,17736.35,17777.55,17707.4,17730.75,17090.78772686824,1
2022-10-25,17808.3,17811.5,17637.0,17656.35,17090.78772686824,1
2022-10-27,17771.4,17783.9,17654.5,17736.95,17105.398308784926,1
2022-10-28,17756.4,17838.9,17723.7,17786.8,17194.318477920227,1
2022-10-31,17910.2,18022.8,17899.9,18012.2,17362.2666301226,1
2022-11-01,18130.7,18175.8,18060.15,18145.4,17529.719967114852,1
2022-11-02,18177.9,18178.75,18048.65,18082.85,17545.24047041079,1
2022-11-03,17968.35,18106.3,17959.2,18052.7,17545.24047041079,1
2022-11-04,18053.4,18135.1,18017.15,18117.15,17545.24047041079,1
2022-11-07,18211.75,18255.5,18064.75,18202.8,17620.901202937457,1
2022-11-09,18288.25,18296.4,18117.5,18157.0,17667.978582643776,1
2022-11-10,18044.35,18103.1,17969.4,18028.2,17667.978582643776,1
2022-11-11,18272.35,18362.3,18259.35,18349.7,17723.376151931796,1
2022-11-14,18376.4,18399.45,18311.4,18329.15,17800.30603674442,1
2022-11-15,18362.75,18427.95,18282.0,18403.4,17811.582933071866,1
2022-11-16,18398.25,18442.15,18344.15,18409.65,17874.697139768305,1
2022-11-17,18358.7,18417.6,18312.95,18343.9,17874.697139768305,1
2022-11-18,18382.95,18394.6,18209.8,18307.65,17874.697139768305,1
2022-11-21,18246.4,18262.3,18133.35,18159.95,17874.697139768305,1
2022-11-22,18179.15,18261.85,18137.7,18244.2,17874.697139768305,1
2022-11-23,18325.2,18325.4,18246.0,18267.25,17874.697139768305,1
2022-11-24,18326.1,18529.7,18294.25,18484.1,17912.588415957078,1
2022-11-25,18528.45,18534.9,18445.1,18512.75,18013.61207436297,1
2022-11-28,18430.55,18614.25,18365.6,18562.75,18013.61207436297,1
2022-11-29,18552.45,18678.1,18552.15,18618.05,18124.330280233193,1
2022-11-30,18625.7,18816.05,18616.55,18758.35,18214.73475220933,1
2022-12-01,18871.95,18887.6,18778.2,18812.5,18342.716276988915,1
2022-12-02,18752.4,18781.95,18639.2,18696.1,18342.716276988915,1
2022-12-05,18719.55,18728.6,18591.35,18701.05,18342.716276988915,1
2022-12-06,18600.65,18654.9,18577.9,18642.75,18342.716276988915,1
2022-12-07,18638.85,18668.3,18528.4,18560.5,18342.716276988915,1
2022-12-08,18570.85,18625.0,18536.95,18609.35,18342.716276988915,1
2022-12-09,18662.4,18664.7,18410.1,18496.6,18342.716276988915,1
2022-12-12,18402.15,18521.55,18345.7,18497.15,18342.716276988915,1
2022-12-13,18524.4,18617.25,18490.2,18608.0,18342.716276988915,1
2022-12-14,18671.25,18696.1,18632.9,18660.3,18342.716276988915,1
2022-12-15,18614.4,18652.9,18387.7,18414.9,18342.716276988915,1
2022-12-16,18319.1,18440.95,18255.15,18269.0,18844.220739728637,-1
2022-12-19,18288.1,18431.65,18244.55,18420.45,18840.78366575585,-1
2022-12-20,18340.3,18404.9,18202.65,18385.3,18821.530299180442,-1
2022-12-21,18435.15,18473.35,18162.75,18199.1,18821.530299180442,-1
2022-12-22,18288.8,18318.75,18068.6,18127.35,18771.963792336726,-1
2022-12-23,17977.65,18050.45,17779.5,17806.8,18539.789913103446,-1
2022-12-26,17830.4,18084.1,17774.25,18014.6,18539.789913103446,-1
2022-12-27,18089.8,18149.25,17967.45,18132.3,18539.789913103446,-1
2022-12-28,18084.75,18173.1,18068.35,18122.5,18539.789913103446,-1
2022-12-29,18045.7,18229.7,17992.8,18191.0,18539.789913103446,-1
2022-12-30,18259.1,18265.25,18080.3,18105.3,18539.789913103446,-1
2023-01-02,18131.7,18215.15,18086.5,18197.45,18539.789913103446,-1
2023-01-03,18163.2,18251.95,18149.8,18232.55,18539.789913103446,-1
2023-01-04,18230.65,18243.0,18020.6,18042.95,18539.789913103446,-1
2023-01-05,18101.95,18120.3,17892.6,17992.15,18539.789913103446,-1
2023-01-06,18008.05,18047.4,17795.55,17859.45,18523.127756542955,-1
2023-01-09,17952.55,18141.4,17936.15,18101.2,18523.127756542955,-1
2023-01-10,18121.3,18127.6,17856.0,17914.15,18523.127756542955,-1
2023-01-11,17924.25,17976.35,17824.35,17895.7,18523.127756542955,-1
2023-01-12,17920.85,17945.8,17761.65,17858.2,18472.415638567865,-1
2023-01-13,17867.5,17999.35,17774.25,17956.6,18472.415638567865,-1
2023-01-16,18033.15,18049.65,17853.65,17894.85,18472.415638567865,-1
2023-01-17,17922.8,18072.05,17886.95,18053.3,18472.415638567865,-1
2023-01-18,18074.3,18183.75,18032.45,18165.35,18472.415638567865,-1
2023-01-19,18119.8,18155.2,18063.75,18107.85,18472.415638567865,-1
2023-01-20,18115.6,18145.45,18016.2,18027.65,18472.415638567865,-1
2023-01-23,18118.45,18162.6,18063.45,18118.55,18472.415638567865,-1
2023-01-24,18183.95,18201.25,18078.65,18118.3,18472.415638567865,-1
2023-01-25,18093.35,18100.6,17846.15,17891.95,18472.415638567865,-1
2023-01-27,17877.2,17884.75,17493.55,17604.35,18302.774275877484,-1
2023-01-30,17541.95,17709.15,17405.55,17648.95,18200.69184828975,-1
2023-01-31,17731.45,17735.7,17537.55,17662.15,18200.69184828975,-1
2023-02-01,17811.6,17972.2,17353.4,17616.3,18200.69184828975,-1
2023-02-02,17517.1,17653.9,17445.95,17610.4,18200.69184828975,-1
2023-02-03,17721.75,17870.3,17584.2,17854.05,18200.69184828975,-1
2023-02-06,17818.55,17823.7,17698.35,17764.6,18200.69184828975,-1
2023-02-07,17790.1,17811.15,17652.55,17721.5,18200.69184828975,-1
2023-02-08,17750.3,17898.7,17744.15,17871.7,18200.69184828975,-1
2023-02-09,17885.5,17916.9,17779.8,17893.45,18200.69184828975,-1
2023-02-10,17847.55,17876.95,17801.0,17856.5,18200.69184828975,-1
2023-02-13,17859.1,17880.7,17719.75,17770.9,18200.69184828975,-1
2023-02-14,17840.35,17954.55,17800.05,17929.85,18200.69184828975,-1
2023-02-15,17896.6,18034.1,17853.8,18015.85,18200.69184828975,-1
2023-02-16,18094.75,18134.75,18000.65,18035.85,18200.69184828975,-1
2023-02-17,17974.85,18034.25,17884.6,17944.2,18200.69184828975,-1
2023-02-20,17965.55,18004.35,17818.4,17844.6,18200.69184828975,-1
2023-02-21,17905.8,17924.9,17800.3,17826.7,18200.69184828975,-1
2023-02-22,17755.35,17772.5,17529.45,17554.3,18200.69184828975,-1
2023-02-23,17574.65,17620.05,17455.4,17511.25,18108.165558029483,-1
2023-02-24,17591.35,17599.75,17421.8,17465.8,18077.556502226536,-1
2023-02-27,17428.6,17451.6,17299.0,17392.7,17935.44335200388,-1
2023-02-28,17383.25,17440.45,17255.2,17303.95,17907.52901680349,-1
2023-03-01,17360.1,17467.75,17345.25,17450.9,17907.52901680349,-1
2023-03-02,17421.5,17445.8,17306.0,17321.9,17907.52901680349,-1
2023-03-03,17451.25,17644.75,17427.7,17594.35,17907.52901680349,-1
2023-03-06,17680.35,17799.95,17671.95,17711.45,17907.52901680349,-1
2023-03-08,17665.75,17766.5,17602.25,17754.4,17907.52901680349,-1
2023-03-09,17772.05,17772.35,17573.6,17589.6,17907.52901680349,-1
2023-03-10,17443.8,17451.5,17324.35,17412.9,17907.52901680349,-1
2023-03-13,17421.9,17529.9,17113.45,17154.3,17907.52901680349,-1
2023-03-14,17160.55,17224.65,16987.1,17043.3,17776.512872582676,-1
2023-03-15,17166.45,17211.35,16938.9,16972.15,17760.43408532441,-1
2023-03-16,16994.65,17062.45,16850.15,16985.6,17636.76817679197,-1
2023-03-17,17111.8,17145.8,16958.15,17100.05,17636.76817679197,-1
2023-03-20,17066.6,17066.6,16828.35,16988.4,17630.829723201492,-1
2023-03-21,17060.4,17127.7,17016.0,17107.5,17630.829723201492,-1
2023-03-22,17177.45,17207.25,17107.85,17151.9,17630.829723201492,-1
2023-03-23,17097.4,17205.4,17045.3,17076.9,17630.829723201492,-1
2023-03-24,17076.2,17109.45,16917.35,16945.05,17617.310193892503,-1
2023-03-27,16984.3,17091.0,16918.55,16985.7,17600.029174503252,-1
2023-03-28,17031.75,17061.75,16913.75,16951.7,17567.878757052924,-1
2023-03-29,16977.3,17126.15,16940.6,17080.7,17567.878757052924,-1
2023-03-31,17210.35,17381.6,17204.65,17359.75,17567.878757052924,-1
2023-04-03,17427.95,17428.05,17312.75,17398.05,17567.878757052924,-1
2023-04-05,17422.3,17570.55,17402.7,17557.05,17567.878757052924,-1
2023-04-06,17533.85,17638.7,17502.85,17599.15,17010.53823374782,1
2023-04-10,17634.9,17694.1,17597.95,17624.05,17112.966910373038,1
2023-04-11,17704.8,17748.75,17655.15,17722.3,17184.787719335734,1
2023-04-12,17759.55,17825.75,17717.25,17812.4,17273.503947402158,1
2023-04-13,17807.3,17842.15,17729.65,17828.0,17303.953552661944,1
2023-04-17,17863.0,17863.0,17574.05,17706.85,17303.953552661944,1
2023-04-18,17766.6,17766.6,17610.2,17660.15,17303.953552661944,1
2023-04-19,17653.35,17666.15,17579.85,17618.75,17303.953552661944,1
2023-04-20,17638.6,17684.45,17584.35,17624.45,17303.953552661944,1
2023-04-21,17639.75,17663.2,17553.95,17624.05,17303.953552661944,1
2023-04-24,17707.55,17754.5,17612.5,17743.4,17303.953552661944,1
2023-04-25,17761.55,17807.45,17716.85,17769.25,17326.916705387193,1
2023-04-26,17767.3,17827.75,17711.2,17813.6,17342.80003484847,1
2023-04-27,17813.1,17931.6,17797.9,17915.05,17440.632531363626,1
2023-04-28,17950.4,18089.15,17885.3,18065.0,17544.364278227262,1
2023-05-02,18124.8,18180.25,18101.75,18147.65,17707.850350404537,1
2023-05-03,18113.8,18116.35,18042.4,18089.85,17707.850350404537,1
2023-05-04,18081.0,18267.45,18066.7,18255.8,17727.581283827676,1
2023-05-05,18117.3,18216.95,18055.45,18069.0,17727.581283827676,1
2023-05-08,18120.6,18286.95,18100.3,18264.4,17727.581283827676,1
2023-05-09,18303.4,18344.2,18229.65,18265.95,17824.63753091038,1
2023-05-10,18313.6,18326.75,18211.95,18315.1,17824.63753091038,1
2023-05-11,18357.8,18389.7,18270.4,18297.0,17888.811150037407,1
2023-05-12,18273.75,18342.75,18194.55,18314.8,17888.811150037407,1
2023-05-15,18339.3,18458.9,18287.9,18398.85,17924.6825315303,1
2023-05-16,18432.35,18432.35,18264.35,18286.5,17924.6825315303,1
2023-05-17,18300.45,18309.0,18115.35,18181.75,17924.6825315303,1
2023-05-18,18287.5,18297.2,18104.85,18129.95,17924.6825315303,1
2023-05-19,18186.15,18218.1,18060.4,18203.4,17924.6825315303,1
2023-05-22,18201.1,18335.25,18178.85,18314.4,17924.6825315303,1
2023-05-23,18362.9,18419.75,18324.2,18348.0,17924.6825315303,1
2023-05-24,18294.8,18392.6,18262.95,18285.4,17924.6825315303,1
2023-05-25,18268.9,18338.1,18202.4,18321.15,17924.6825315303,1
2023-05-26,18368.35,18508.55,18333.15,18499.35,17960.734361348128,1
2023-05-29,18619.15,18641.2,18581.25,18598.65,18154.565925213312,1
2023-05-30,18606.65,18662.45,18575.5,18633.85,18181.896832691982,1
2023-05-31,18594.2,18603.9,18483.85,18534.4,18181.896832691982,1
2023-06-01,18579.4,18580.3,18464.55,18487.75,18181.896832691982,1
2023-06-02,18550.85,18573.7,18478.4,18534.1,18181.896832691982,1
2023-06-05,18612.0,18640.15,18582.8,18593.85,18206.22976442921,1
2023-06-06,18600.8,18622.75,18531.6,18599.0,18206.22976442921,1
2023-06-07,18665.6,18738.95,18636.0,18726.4,18292.63085918766,1
2023-06-08,18725.35,18777.9,18615.6,18634.55,18292.700273268892,1
2023-06-09,18655.9,18676.65,18555.4,18563.4,18292.700273268892,1
2023-06-12,18595.05,18633.6,18559.75,18601.5,18292.700273268892,1
2023-06-13,18631.8,18728.9,18631.8,18716.15,18298.174499213023,1
2023-06-14,18744.6,18769.7,18690.0,18755.9,18361.982049291717,1
2023-06-15,18774.45,18794.1,18669.05,18688.1,18362.978844362544,1
2023-06-16,18723.3,18864.7,18710.5,18826.0,18402.883459926292,1
2023-06-19,18873.3,18881.45,18719.15,18755.45,18405.365113933665,1
2023-06-20,18752.35,18839.7,18660.65,18816.7,18405.365113933665,1
2023-06-21,18849.4,18875.9,18794.85,18856.85,18442.819242286267,1
2023-06-22,18853.6,18886.6,18759.5,18771.25,18442.819242286267,1
2023-06-23,18741.85,18756.4,18647.1,18665.5,18442.819242286267,1
2023-06-26,18682.35,18722.05,18646.7,18691.2,18442.819242286267,1
2023-06-27,18748.55,18829.25,18714.25,18817.4,18442.819242286267,1
2023-06-28,18908.15,19011.25,18861.35,18972.1,18538.592502627616,1
2023-06-30,19076.85,19201.7,19024.6,19189.05,18686.333252364857,1
2023-07-03,19246.5,19345.1,19234.4,19322.55,18858.79992712837,1
2023-07-04,19406.6,19434.15,19300.0,19389.0,18938.974934415535,1
2023-07-05,19405.95,19421.6,19339.6,19398.5,18970.70994097398,1
2023-07-06,19385.7,19512.2,19373.0,19497.3,19031.93894687658,1
2023-07-07,19422.8,19523.6,19303.6,19331.8,19031.93894687658,1
2023-07-10,19400.35,19435.85,19327.1,19355.9,19031.93894687658,1
2023-07-11,19427.1,19515.1,19406.45,19439.4,19031.93894687658,1
2023-07-12,19497.45,19507.7,19361.75,19384.3,19031.93894687658,1
2023-07-13,19495.2,19567.0,19385.8,19413.75,19033.920429741156,1
2023-07-14,19493.45,19595.35,19433.5,19564.5,19061.713386767038,1
2023-07-17,19612.15,19731.85,19562.95,19711.45,19189.289548090335,1
2023-07-18,19787.5,19819.45,19690.2,19749.25,19303.750593281304,1
2023-07-19,19802.95,19851.7,19727.45,19833.15,19346.33303395317,1
2023-07-20,19831.7,19991.85,19758.4,19979.15,19406.172230557855,1
2023-07-21,19800.45,19887.4,19700.0,19745.0,19406.172230557855,1
2023-07-24,19748.45,19782.75,19658.3,19672.35,19406.172230557855,1
2023-07-25,19729.35,19729.35,19615.95,19680.6,19406.172230557855,1
2023-07-26,19733.35,19825.6,19716.7,19778.3,19406.172230557855,1
2023-07-27,19850.9,19867.55,19603.55,19659.9,19406.172230557855,1
2023-07-28,19659.75,19695.9,19563.1,19646.05,19406.172230557855,1
2023-07-31,19666.35,19772.75,19597.6,19753.8,19406.172230557855,1
2023-08-01,19784.0,19795.6,19704.6,19733.55,19406.172230557855,1
2023-08-02,19655.4,19678.25,19423.55,19526.55,19406.172230557855,1
2023-08-03,19463.75,19537.65,19296.45,19381.65,19957.853223304322,-1
2023-08-04,19462.8,19538.85,19436.45,19517.0,19957.853223304322,-1
2023-08-07,19576.85,19620.45,19524.8,19597.3,19957.853223304322,-1
2023-08-08,19627.2,19634.4,19533.1,19570.85,19957.853223304322,-1
2023-08-09,19578.8,19645.5,19467.5,19632.55,19957.853223304322,-1
2023-08-10,19605.55,19623.6,19495.4,19543.1,19957.853223304322,-1
2023-08-11,19554.25,19557.75,19412.75,19428.3,19957.853223304322,-1
2023-08-14,19383.95,19465.85,19257.9,19434.55,19857.658048926463,-1
2023-08-16,19369.0,19482.75,19317.2,19465.0,19857.658048926463,-1
2023-08-17,19450.55,19461.55,19326.25,19365.25,19857.658048926463,-1
2023-08-18,19301.75,19373.8,19253.6,19310.15,19788.87699266739,-1
2023-08-21,19320.65,19425.95,19296.3,19393.6,19788.87699266739,-1
2023-08-22,19417.1,19443.5,19381.3,19396.45,19788.87699266739,-1
2023-08-23,19439.2,19472.05,19366.6,19444.0,19788.87699266739,-1
2023-08-24,19535.15,19584.45,19369.0,19386.7,19788.87699266739,-1
2023-08-25,19297.4,19339.55,19229.7,19265.8,19735.230261900168,-1
2023-08-28,19298.35,19366.85,19249.7,19306.05,19735.230261900168,-1
2023-08-29,19374.85,19377.9,19309.1,19342.65,19735.230261900168,-1
2023-08-30,19433.45,19452.8,19334.75,19347.45,19735.230261900168,-1
2023-08-31,19375.55,19388.2,19223.65,19253.8,19725.8858673327,-1
2023-09-01,19258.15,19458.55,19255.7,19435.3,19725.8858673327,-1
2023-09-04,19525.05,19545.15,19432.85,19528.8,19725.8858673327,-1
2023-09-05,19564.65,19587.05,19525.75,19574.9,19725.8858673327,-1
2023-09-06,19581.2,19636.45,19491.5,19611.05,19725.8858673327,-1
2023-09-07,19598.65,19737.0,19550.05,19727.05,19220.563954948713,1
2023-09-08,19774.8,19867.15,19728.05,19819.95,19374.90505945384,1
2023-09-11,19890.0,20008.15,19865.35,19996.35,19499.864553508458,1
2023-09-12,20110.15,20110.35,19914.65,19993.2,19560.593098157613,1
2023-09-13,19989.5,20096.9,19944.1,20070.0,19567.94378834185,1
2023-09-14,20127.95,20167.65,20043.45,20103.1,19660.989409507667,1
2023-09-15,20156.45,20222.45,20129.7,20192.35,19740.165468556897,1
2023-09-18,20155.95,20195.35,20115.7,20133.3,19740.165468556897,1
2023-09-20,19980.75,20050.65,19878.85,19901.4,19740.165468556897,1
2023-09-21,19840.55,19848.75,19709.95,19742.35,19740.165468556897,1
2023-09-22,19744.85,19798.65,19657.5,19674.25,20187.362548579822,-1
2023-09-25,19678.2,19734.15,19601.55,19674.55,20120.988793721837,-1
2023-09-26,19682.8,19699.35,19637.45,19664.7,20094.794914349655,-1
2023-09-27,19637.05,19730.7,19554.0,19716.45,20079.11542291469,-1
2023-09-28,19761.8,19766.65,19492.1,19523.55,20079.11542291469,-1
2023-09-29,19581.2,19726.25,19551.05,19638.3,20079.11542291469,-1
2023-10-03,19622.4,19623.2,19479.65,19528.75,20038.866643304813,-1
2023-10-04,19446.3,19457.8,19333.6,19436.1,19892.942478974324,-1
2023-10-05,19521.85,19576.95,19487.3,19545.75,19892.942478974324,-1
2023-10-06,19621.2,19675.75,19589.4,19653.5,19892.942478974324,-1
2023-10-09,19539.45,19588.95,19480.5,19512.35,19892.942478974324,-1
2023-10-10,19565.6,19717.8,19565.45,19689.85,19892.942478974324,-1
2023-10-11,19767.0,19839.2,19756.95,19811.35,19892.942478974324,-1
2023-10-12,19822.7,19843.3,19772.65,19794.0,19892.942478974324,-1
2023-10-13,19654.55,19805.4,19635.3,19751.05,19892.942478974324,-1
2023-10-16,19737.25,19781.3,19691.85,19731.75,19892.942478974324,-1
2023-10-17,19843.2,19849.75,19775.65,19811.5,19892.942478974324,-1
2023-10-18,19820.45,19840.95,19659.95,19671.1,19892.942478974324,-1
2023-10-19,19545.2,19681.8,19512.35,19624.7,19892.942478974324,-1
2023-10-20,19542.15,19593.8,19518.7,19542.65,19892.942478974324,-1
2023-10-23,19521.6,19556.85,19257.85,19281.75,19892.942478974324,-1
2023-10-25,19286.45,19347.3,19074.15,19122.15,19731.18323005345,-1
2023-10-26,19027.25,19041.7,18837.85,18857.25,19493.47740704811,-1
2023-10-27,18928.75,19076.15,18926.65,19047.25,19493.47740704811,-1
2023-10-30,19053.4,19158.5,18940.0,19140.9,19493.47740704811,-1
2023-10-31,19232.95,19233.7,19056.45,19079.6,19493.47740704811,-1
2023-11-01,19064.05,19096.05,18973.7,18989.15,19493.47740704811,-1
2023-11-02,19120.0,19175.25,19064.15,19133.25,19493.47740704811,-1
2023-11-03,19241.0,19276.25,19210.9,19230.6,19493.47740704811,-1
2023-11-06,19345.85,19423.0,19309.7,19411.75,19493.47740704811,-1
2023-11-07,19404.05,19423.5,19329.1,19406.7,19493.47740704811,-1
2023-11-08,19449.6,19464.4,19401.5,19443.5,19493.47740704811,-1
2023-11-09,19457.4,19463.9,19378.35,19395.3,19493.47740704811,-1
2023-11-10,19351.85,19451.3,19329.45,19425.35,19493.47740704811,-1
2023-11-12,19547.25,19547.25,19510.25,19525.55,19086.32253916258,1
2023-11-13,19486.75,19494.4,19414.75,19443.55,19086.32253916258,1
2023-11-15,19651.4,19693.2,19579.65,19675.45,19173.24775672169,1
2023-11-16,19674.7,19875.25,19627.0,19765.2,19259.790481049517,1
2023-11-17,19674.75,19806.0,19667.45,19731.8,19259.790481049517,1
2023-11-20,19731.15,19756.45,19670.5,19694.0,19259.790481049517,1
2023-11-21,19770.9,19829.1,19754.05,19783.4,19335.987985685097,1
2023-11-22,19784.0,19825.55,19703.85,19811.85,19335.987985685097,1
2023-11-23,19828.45,19875.15,19786.75,19802.0,19402.54551840493,1
2023-11-24,19809.6,19832.85,19768.85,19794.7,19402.54551840493,1
2023-11-28,19844.65,19916.85,19800.0,19889.7,19457.49236990799,1
2023-11-29,19976.55,20104.65,19956.3,20096.6,19605.150632917193,1
2023-11-30,20108.5,20158.7,20015.85,20133.15,19661.628069625476,1
2023-12-01,20194.1,20291.55,20183.7,20267.9,19807.022762662928,1
2023-12-04,20601.95,20702.65,20507.75,20686.8,20087.232986396637,1
2023-12-05,20808.9,20864.05,20711.15,20855.1,20268.25468775697,1
2023-12-06,20950.75,20961.95,20852.15,20937.7,20406.699218981277,1
2023-12-07,20932.4,20941.25,20850.8,20901.15,20418.57429708315,1
2023-12-08,20934.1,21006.1,20862.7,20969.4,20461.674367374835,1
2023-12-11,20965.3,21026.1,20923.7,20997.1,20518.726930637353,1
2023-12-12,21018.55,21037.9,20867.15,20906.4,20518.726930637353,1
2023-12-13,20929.75,20950.0,20769.5,20926.35,20518.726930637353,1
2023-12-14,21110.4,21210.9,21074.45,21182.7,20634.53258243463,1
2023-12-15,21287.45,21492.3,21235.3,21456.65,20813.591824191164,1
2023-12-18,21434.8,21482.8,21365.35,21418.65,20893.652641772045,1
2023-12-19,21477.65,21505.05,21337.75,21453.1,20893.829877594846,1
2023-12-20,21543.5,21593.0,21087.35,21150.15,20893.829877594846,1
2023-12-21,21033.95,21288.35,20976.8,21255.05,20893.829877594846,1
2023-12-22,21295.85,21390.5,21232.45,21349.4,20893.829877594846,1
2023-12-26,21365.2,21477.15,21329.45,21441.35,20893.829877594846,1
2023-12-27,21497.65,21675.75,21495.8,21654.75,20957.98189392098,1
2023-12-28,21715.0,21801.45,21678.0,21778.7,21130.70120452888,1
2023-12-29,21737.65,21770.3,21676.9,21731.4,21144.93858407599,1
2024-01-01,21727.75,21834.35,21680.85,21741.9,21190.75472566839,1
2024-01-02,21751.35,21755.6,21555.65,21665.8,21190.75472566839,1
2024-01-03,21661.1,21677.0,21500.35,21517.35,21190.75472566839,1
2024-01-04,21605.8,21685.65,21564.55,21658.6,21190.75472566839,1
2024-01-05,21705.75,21749.6,21629.2,21710.8,21190.75472566839,1
2024-01-08,21747.6,21763.95,21492.9,21513.0,21190.75472566839,1
2024-01-09,21653.6,21724.45,21517.85,21544.85,21190.75472566839,1
2024-01-10,21529.3,21641.85,21448.65,21618.7,21190.75472566839,1
2024-01-11,21688.0,21726.5,21593.75,21647.2,21190.75472566839,1
2024-01-12,21773.55,21928.25,21715.15,21894.55,21236.06266543376,1
2024-01-15,22053.15,22115.55,21963.55,22097.45,21446.176398890384,1
2024-01-16,22080.5,22124.15,21969.8,22032.3,21466.633759001343,1
2024-01-17,21647.25,21851.5,21550.45,21571.95,21466.633759001343,1
2024-01-18,21414.2,21539.4,21285.55,21462.25,22098.570905208908,-1
2024-01-19,21615.2,21670.6,21575.0,21622.4,22098.570905208908,-1
2024-01-20,21706.15,21720.3,21541.8,21571.8,22098.570905208908,-1
2024-01-23,21716.7,21750.25,21192.6,21238.8,22098.570905208908,-1
2024-01-24,21185.25,21482.35,21137.2,21453.95,22098.570905208908,-1
2024-01-25,21454.6,21459.0,21247.05,21352.6,22098.570905208908,-1
2024-01-29,21433.1,21763.25,21429.6,21737.6,22098.570905208908,-1
2024-01-30,21775.75,21813.05,21501.8,21522.1,22098.570905208908,-1
2024-01-31,21487.25,21741.35,21448.85,21725.7,22098.570905208908,-1
2024-02-01,21780.65,21832.95,21658.75,21697.45,22098.570905208908,-1
2024-02-02,21812.75,22126.8,21805.55,21853.8,22098.570905208908,-1
2024-02-05,21921.05,21964.3,21726.95,21771.7,22098.570905208908,-1
2024-02-06,21825.2,21951.4,21737.55,21929.4,22098.570905208908,-1
2024-02-07,22045.05,22053.3,21860.15,21930.5,22098.570905208908,-1
2024-02-08,22009.65,22011.05,21665.3,21717.95,22098.570905208908,-1
2024-02-09,21727.0,21804.45,21629.9,21782.5,22098.570905208908,-1
2024-02-12,21800.8,21831.7,21574.75,21616.05,22098.570905208908,-1
2024-02-13,21664.3,21766.8,21543.35,21743.25,22098.570905208908,-1
2024-02-14,21578.15,21870.85,21530.2,21840.05,22098.570905208908,-1
2024-02-15,21906.55,21953.85,21794.8,21910.75,22098.570905208908,-1
2024-02-16,22020.3,22068.65,21968.95,22040.7,22098.570905208908,-1
2024-02-19,22103.45,22186.65,22021.05,22122.25,21388.54506781496,1
2024-02-20,22099.2,22215.6,22045.85,22196.95,21436.025561033464,1
2024-02-21,22248.85,22249.4,21997.95,22055.05,21436.025561033464,1
2024-02-22,22081.55,22252.5,21875.25,22217.45,21436.025561033464,1
2024-02-23,22290.0,22297.5,22186.1,22212.7,21538.984258993394,1
2024-02-26,22169.2,22202.15,22075.15,22122.05,21538.984258993394,1
2024-02-27,22090.2,22218.25,22085.65,22198.35,21538.984258993394,1
2024-02-28,22214.1,22229.15,21915.85,21951.15,21538.984258993394,1
2024-02-29,21935.2,22060.55,21860.65,21982.8,21538.984258993394,1
2024-03-01,22048.3,22353.3,22047.75,22338.75,21538.984258993394,1
2024-03-02,22406.95,22419.55,22367.05,22378.4,21727.95926193371,1
2024-03-04,22403.5,22440.9,22358.3,22405.6,21776.013335740336,1
2024-03-05,22371.25,22416.9,22269.15,22356.3,21776.013335740336,1
2024-03-06,22327.5,22497.2,22224.35,22474.05,21776.013335740336,1
2024-03-07,22505.3,22525.65,22430.0,22493.55,21884.962571754706,1
2024-03-11,22517.5,22526.6,22307.25,22332.65,21884.962571754706,1
2024-03-12,22334.45,22452.55,22256.0,22335.7,21884.962571754706,1
2024-03-13,22432.2,22446.75,21905.65,21997.7,21884.962571754706,1
2024-03-14,21982.55,22204.6,21917.5,22146.65,21884.962571754706,1
2024-03-15,22064.85,22120.9,21931.7,22023.35,21884.962571754706,1
2024-03-18,21990.1,22123.7,21916.55,22055.7,21884.962571754706,1
2024-03-19,21946.45,21978.3,21793.1,21817.45,22595.290812411193,-1
2024-03-20,21843.9,21930.9,21710.2,21839.1,22525.39173117008,-1
2024-03-21,21989.9,22080.95,21941.3,22011.95,22525.39173117008,-1
2024-03-22,21932.2,22180.7,21883.3,22096.75,22525.39173117008,-1
2024-03-26,21947.9,22073.2,21947.55,22004.7,22525.39173117008,-1
2024-03-27,22053.95,22193.6,22052.85,22123.65,22525.39173117008,-1
2024-03-28,22163.6,22516.0,22163.6,22326.9,22525.39173117008,-1
2024-04-01,22455.0,22529.95,22427.75,22462.0,22525.39173117008,-1
2024-04-02,22458.8,22497.6,22388.15,22453.3,22525.39173117008,-1
2024-04-03,22385.7,22521.1,22346.5,22434.65,22525.39173117008,-1
2024-04-04,22592.1,22619.0,22303.8,22514.65,22525.39173117008,-1
2024-04-05,22486.4,22537.6,22427.6,22513.7,22525.39173117008,-1
2024-04-08,22578.35,22697.3,22550.35,22666.3,21976.776753544775,1
2024-04-09,22765.1,22768.4,22612.25,22642.75,22061.1365781903,1
2024-04-10,22720.25,22775.7,22673.7,22753.8,22118.54542037127,1
2024-04-12,22677.4,22726.45,22503.75,22519.4,22118.54542037127,1
2024-04-15,22339.05,22427.45,22259.55,22272.5,22118.54542037127,1
2024-04-16,22125.3,22213.75,22079.45,22147.9,22118.54542037127,1
2024-04-18,22212.35,22326.5,21961.7,21995.85,22821.19100469441,-1
2024-04-19,21861.5,22179.55,21777.65,22147.0,22708.55190422497,-1
2024-04-22,22336.9,22375.65,22198.15,22336.4,22708.55190422497,-1
2024-04-23,22447.05,22447.55,22349.45,22368.0,22708.55190422497,-1
2024-04-24,22421.55,22476.45,22384.0,22402.4,22708.55190422497,-1
2024-04-25,22316.9,22625.95,22305.25,22570.35,22708.55190422497,-1
2024-04-26,22620.4,22620.4,22385.55,22419.95,22708.55190422497,-1
2024-04-29,22475.55,22655.8,22441.9,22643.4,22708.55190422497,-1
2024-04-30,22679.65,22783.35,22568.4,22604.85,22708.55190422497,-1
2024-05-02,22567.85,22710.5,22567.85,22648.2,22708.55190422497,-1
2024-05-03,22766.35,22794.7,22348.05,22475.85,22708.55190422497,-1
2024-05-06,22561.6,22588.8,22409.45,22442.7,22708.55190422497,-1
2024-05-07,22489.75,22499.05,22232.05,22302.5,22708.55190422497,-1
2024-05-08,22231.2,22368.65,22185.2,22302.5,22708.55190422497,-1
2024-05-09,22224.8,22307.75,21932.4,21957.5,22708.55190422497,-1
2024-05-10,21990.95,22131.3,21950.3,22055.2,22708.55190422497,-1
2024-05-13,22027.95,22131.65,21821.05,22104.05,22708.55190422497,-1
2024-05-14,22112.9,22270.05,22081.25,22217.85,22708.55190422497,-1
2024-05-15,22255.6,22297.55,22151.75,22200.55,22708.55190422497,-1
2024-05-16,22319.2,22432.25,22054.55,22403.85,22708.55190422497,-1
2024-05-17,22415.25,22502.15,22345.65,22466.1,22708.55190422497,-1
2024-05-18,22512.85,22520.25,22470.05,22502.0,22708.55190422497,-1
2024-05-21,22404.55,22591.1,22404.55,22529.05,22708.55190422497,-1
2024-05-22,22576.6,22629.5,22483.15,22597.8,22708.55190422497,-1
2024-05-23,22614.1,22993.6,22577.45,22967.65,22096.122712517863,1
2024-05-24,22930.75,23026.4,22908.0,22957.1,22311.217941266073,1
2024-05-27,23038.95,23110.8,22871.2,22932.45,22328.736147139465,1
2024-05-28,22977.15,22998.55,22858.5,22888.15,22328.736147139465,1
2024-05-29,22762.75,22825.5,22685.45,22704.7,22328.736147139465,1
2024-05-30,22617.45,22705.75,22417.0,22488.65,22328.736147139465,1
2024-05-31,22568.1,22653.75,22465.1,22530.7,22328.736147139465,1
2024-06-03,23337.9,23338.7,23062.3,23263.9,22374.041536024382,1
2024-06-04,23179.5,23179.5,21281.45,21884.5,23569.022617578055,-1
2024-06-05,22128.35,22670.4,21791.95,22620.35,23569.022617578055,-1
2024-06-06,22798.6,22910.15,22642.6,22821.4,23569.022617578055,-1
2024-06-07,22821.85,23320.2,22789.05,23290.15,23569.022617578055,-1
2024-06-10,23319.15,23411.9,23227.15,23259.2,23569.022617578055,-1
2024-06-11,23283.75,23389.45,23206.65,23264.85,23569.022617578055,-1
2024-06-12,23344.45,23441.95,23295.95,23322.95,23569.022617578055,-1
2024-06-13,23480.95,23481.05,23353.9,23398.9,23569.022617578055,-1
2024-06-14,23464.95,23490.4,23334.25,23465.6,23569.022617578055,-1
2024-06-18,23570.8,23579.05,23499.7,23557.9,23569.022617578055,-1
2024-06-19,23629.85,23664.0,23412.9,23516.0,23569.022617578055,-1
2024-06-20,23586.15,23624.0,23442.6,23567.0,23569.022617578055,-1
2024-06-21,23661.15,23667.1,23398.2,23501.1,23569.022617578055,-1
2024-06-24,23382.3,23558.1,23350.0,23537.85,23569.022617578055,-1
2024-06-25,23577.1,23754.15,23562.05,23721.3,22803.70104438475,1
2024-06-26,23723.1,23889.9,23670.45,23868.8,22945.38093994628,1
2024-06-27,23881.55,24087.45,23805.4,24044.5,23110.49534595165,1
2024-06-28,24085.9,24174.0,23985.8,24010.6,23271.103311356484,1
2024-07-01,23992.95,24164.0,23992.7,24141.95,23299.042980220835,1
2024-07-02,24228.75,24236.35,24056.4,24123.85,23391.013682198754,1
2024-07-03,24291.75,24309.15,24207.1,24286.5,23522.709813978876,1
2024-07-04,24369.95,24401.0,24281.0,24302.15,23643.12633258099,1
2024-07-05,24213.35,24363.0,24168.85,24323.85,23643.12633258099,1
2024-07-08,24329.45,24344.6,24240.55,24320.55,23643.6618293906,1
2024-07-09,24351.0,24443.6,24331.9,24433.2,23766.813146451543,1
2024-07-10,24459.85,24461.05,24141.8,24324.45,23766.813146451543,1
2024-07-11,24396.55,24402.65,24193.75,24315.95,23766.813146451543,1
2024-07-12,24387.95,24592.2,24331.15,24502.15,23792.156283763175,1
2024-07-15,24587.6,24635.05,24522.75,24586.7,23936.463155386857,1
2024-07-16,24615.9,24661.25,24587.65,24613.0,24023.891839848173,1
2024-07-18,24543.8,24837.75,24504.45,24800.85,24030.607655863354,1
2024-07-19,24853.8,24854.8,24508.15,24530.9,24030.607655863354,1
2024-07-22,24445.75,24595.2,24362.3,24509.25,24030.607655863354,1
2024-07-23,24568.9,24582.55,24074.2,24479.05,24030.607655863354,1
2024-07-24,24444.95,24504.25,24307.25,24413.5,24030.607655863354,1
2024-07-25,24230.95,24426.15,24210.8,24406.1,24030.607655863354,1
2024-07-26,24423.35,24861.15,24410.9,24834.85,24030.607655863354,1
2024-07-29,24943.3,24999.75,24774.6,24836.1,24098.42377373071,1
2024-07-30,24839.4,24971.75,24798.65,24857.3,24123.393896357637,1
2024-07-31,24886.7,24984.6,24856.5,24951.15,24196.494506721872,1
2024-08-01,25030.95,25078.3,24956.4,25010.9,24327.555056049685,1
2024-08-02,24789.0,24851.9,24686.85,24717.7,24327.555056049685,1
2024-08-05,24302.85,24350.05,23893.7,24055.6,25015.302404599755,-1
2024-08-06,24189.85,24382.6,23960.4,23992.55,25015.302404599755,-1
2024-08-07,24289.4,24337.7,24184.9,24297.5,25015.302404599755,-1
2024-08-08,24248.55,24340.5,24079.7,24117.0,25015.302404599755,-1
2024-08-09,24386.85,24419.75,24311.2,24367.5,25015.302404599755,-1
2024-08-12,24320.05,24472.8,24212.1,24347.0,25015.302404599755,-1
2024-08-13,24342.35,24359.95,24116.5,24139.0,25015.302404599755,-1
2024-08-14,24184.4,24196.5,24099.7,24143.75,24979.544451105106,-1
2024-08-16,24334.85,24563.9,24204.5,24541.15,24979.544451105106,-1
2024-08-19,24636.35,24638.8,24522.95,24572.65,24979.544451105106,-1
2024-08-20,24648.9,24734.3,24607.2,24698.85,24979.544451105106,-1
2024-08-21,24680.55,24787.95,24654.5,24770.2,24979.544451105106,-1
2024-08-22,24863.4,24867.35,24784.45,24811.5,24979.544451105106,-1
2024-08-23,24845.4,24858.4,24771.65,24823.15,24979.544451105106,-1
2024-08-26,24906.1,25043.8,24874.7,25010.6,24299.83670121923,1
2024-08-27,25024.8,25073.1,24973.65,25017.75,24400.068031097304,1
2024-08-28,25030.8,25129.6,24964.65,25052.35,24436.663727987576,1
2024-08-29,25035.3,25192.9,24998.5,25151.95,24487.964855188817,1
2024-08-30,25249.7,25268.35,25199.4,25235.9,24651.993369669937,1
2024-09-02,25333.6,25333.65,25235.5,25278.7,24731.436532702945,1
2024-09-03,25313.4,25321.7,25235.8,25279.85,24755.155379432646,1
2024-09-04,25089.95,25216.0,25083.8,25198.7,24755.155379432646,1
2024-09-05,25250.5,25275.45,25127.75,25145.1,24755.155379432646,1
2024-09-06,25093.7,25168.75,24801.3,24852.15,24755.155379432646,1
2024-09-09,24823.4,24957.5,24753.15,24936.4,24755.155379432646,1
2024-09-10,24999.4,25130.5,24896.8,25041.1,24755.155379432646,1
2024-09-11,25034.0,25113.7,24885.15,24918.45,24755.155379432646,1
2024-09-12,25059.65,25433.35,24941.45,25388.9,24755.155379432646,1
2024-09-13,25430.45,25430.5,25292.45,25356.5,24755.155379432646,1
2024-09-16,25406.65,25445.7,25336.2,25383.75,24755.57680738188,1
2024-09-17,25416.9,25441.65,25352.25,25418.55,24798.29412664369,1
2024-09-18,25402.4,25482.2,25285.55,25377.55,24798.29412664369,1
2024-09-19,25487.05,25611.95,25376.05,25415.8,24885.22324258139,1
2024-09-20,25525.95,25849.25,25426.6,25790.95,24959.99091832325,1
2024-09-23,25872.55,25956.0,25847.35,25939.05,25242.019326490925,1
2024-09-24,25921.45,26011.55,25886.85,25940.4,25318.099893841827,1
2024-09-25,25899.45,26032.8,25871.35,26004.15,25335.649904457645,1
2024-09-26,26005.4,26250.9,25998.4,26216.05,25494.117414011886,1
2024-09-27,26248.25,26277.35,26151.4,26178.95,25609.110672610695,1
2024-09-30,26061.3,26134.7,25794.1,25810.85,25609.110672610695,1
2024-10-01,25788.45,25907.6,25739.2,25796.9,25609.110672610695,1
2024-10-03,25452.85,25639.45,25230.3,25250.1,26185.079244666802,-1
2024-10-04,25181.9,25485.05,24966.8,25014.6,26056.58382020012,-1
2024-10-07,25084.1,25143.0,24694.35,24795.75,25800.86293818011,-1
2024-10-08,24832.2,25044.0,24756.8,25013.15,25780.529144362103,-1
2024-10-09,25065.8,25234.05,24947.7,24981.95,25780.529144362103,-1
2024-10-10,25067.05,25134.05,24979.4,24998.45,25780.529144362103,-1
2024-10-11,24985.3,25028.65,24920.05,24964.25,25759.88269623997,-1
2024-10-14,25023.45,25159.75,25017.5,25127.95,25759.88269623997,-1
2024-10-15,25186.3,25212.05,25008.15,25057.35,25759.88269623997,-1
2024-10-16,25008.55,25093.4,24908.45,24971.3,25731.62283555894,-1
2024-10-17,25027.4,25029.5,24728.9,24749.85,25627.008052003046,-1
2024-10-18,24664.95,24886.2,24567.65,24854.05,25495.51724680274,-1
2024-10-21,24956.15,24978.3,24679.6,24781.1,25495.51724680274,-1
2024-10-22,24798.65,24882.0,24445.8,24472.1,25495.51724680274,-1
2024-10-23,24378.15,24604.25,24378.1,24435.5,25309.681847919197,-1
2024-10-24,24412.7,24480.65,24341.2,24399.4,25189.41616312728,-1
2024-10-25,24418.05,24440.25,24073.9,24180.8,25067.62204681455,-1
2024-10-28,24251.1,24492.6,24134.9,24339.15,25067.62204681455,-1
2024-10-29,24328.85,24484.5,24140.85,24466.85,25067.62204681455,-1
2024-10-30,24371.45,24498.2,24307.3,24340.85,25067.62204681455,-1
2024-10-31,24349.85,24372.45,24172.6,24205.35,25067.62204681455,-1
2024-11-01,24302.75,24368.25,24280.2,24304.35,25067.62204681455,-1
2024-11-04,24315.75,24316.75,23816.15,23995.35,24912.690424506174,-1
2024-11-05,23916.5,24229.05,23842.75,24213.3,24912.690424506174,-1
2024-11-06,24308.75,24537.6,24204.05,24484.05,24912.690424506174,-1
2024-11-07,24489.6,24503.35,24179.05,24199.35,24912.690424506174,-1
2024-11-08,24207.7,24276.15,24066.65,24148.2,24912.690424506174,-1
2024-11-11,24087.25,24336.8,24004.6,24141.3,24912.690424506174,-1
2024-11-12,24225.8,24242.0,23839.15,23883.45,24912.690424506174,-1
2024-11-13,23822.45,23873.6,23509.6,23559.05,24628.328970035986,-1
2024-11-14,23542.15,23675.9,23484.15,23532.7,24480.606073032388,-1
2024-11-18,23605.3,23606.8,23350.4,23453.8,24366.042965729146,-1
2024-11-19,23529.55,23780.65,23464.8,23518.5,24366.042965729146,-1
2024-11-21,23488.45,23507.3,23263.15,23349.9,24268.90830224061,-1
2024-11-22,23411.8,23956.1,23359.0,23907.25,24268.90830224061,-1
2024-11-25,24253.55,24351.55,24135.45,24221.9,24268.90830224061,-1
2024-11-26,24343.3,24343.3,24125.4,24194.5,24268.90830224061,-1
2024-11-27,24204.8,24354.55,24145.65,24274.9,23308.271545399937,1
2024-11-28,24274.15,24345.75,23873.35,23914.15,23308.271545399937,1
2024-11-29,23927.15,24188.45,23927.15,24131.1,23308.271545399937,1
2024-12-02,24140.85,24301.7,24008.65,24276.05,23308.271545399937,1
2024-12-03,24367.5,24481.35,24280.0,24457.15,23452.0590709369,1
2024-12-04,24488.75,24573.2,24366.3,24467.45,23571.92566384321,1
2024-12-05,24539.15,24857.75,24295.55,24708.4,23599.948097458888,1
2024-12-06,24729.45,24751.05,24620.5,24677.8,23767.578287713,1
2024-12-09,24633.9,24705.0,24580.05,24619.0,23778.6629589417,1
2024-12-10,24652.65,24677.8,24510.65,24610.05,23778.6629589417,1
2024-12-11,24620.5,24691.75,24583.85,24641.8,23860.571246742777,1
2024-12-12,24604.45,24675.25,24527.95,24548.7,23860.571246742777,1
2024-12-13,24498.35,24792.3,24180.8,24768.3,23860.571246742777,1
2024-12-16,24753.4,24781.25,24601.75,24668.25,23870.151338875483,1
2024-12-17,24584.8,24624.1,24303.45,24336.0,23870.151338875483,1
2024-12-18,24297.95,24394.45,24149.85,24198.85,23870.151338875483,1
2024-12-19,23877.15,24004.9,23870.3,23951.7,23870.151338875483,1
2024-12-20,23960.7,24065.8,23537.35,23587.5,24726.924916563792,-1
2024-12-23,23738.2,23869.55,23647.2,23753.45,24675.804924907414,-1
2024-12-24,23769.1,23867.65,23685.15,23727.65,24656.836932416674,-1
2024-12-26,23775.8,23854.5,23653.6,23750.2,24606.713239175006,-1
2024-12-27,23801.4,23938.85,23800.6,23813.4,24606.713239175006,-1
2024-12-30,23796.9,23915.35,23599.3,23644.9,24593.73272373175,-1
2024-12-31,23560.6,23689.85,23460.45,23644.8,24396.73695135858,-1
2025-01-01,23637.65,23822.8,23562.8,23742.9,24396.73695135858,-1
2025-01-02,23783.0,24226.7,23751.55,24188.65,24396.73695135858,-1
2025-01-03,24196.4,24196.45,23976.0,24004.75,24396.73695135858,-1
2025-01-06,24045.8,24089.95,23551.9,23616.05,24396.73695135858,-1
2025-01-07,23679.9,23795.2,23637.8,23707.9,24396.73695135858,-1
2025-01-08,23746.65,23751.85,23496.15,23688.95,24396.73695135858,-1
2025-01-09,23674.75,23689.5,23503.05,23526.5,24396.73695135858,-1
2025-01-10,23551.9,23596.6,23344.35,23431.5,24310.86989031373,-1
2025-01-13,23195.4,23340.95,23047.25,23085.95,24065.73040128236,-1
2025-01-14,23165.9,23264.95,23134.15,23176.05,24037.717361154126,-1
2025-01-15,23250.45,23293.65,23146.45,23213.2,24018.560625038714,-1
2025-01-16,23377.25,23391.65,23272.05,23311.8,24018.560625038714,-1
2025-01-17,23277.1,23292.1,23100.35,23203.2,23954.635106281356,-1
2025-01-20,23290.4,23391.1,23170.65,23344.75,23954.635106281356,-1
2025-01-21,23421.65,23426.3,22976.85,23024.65,23954.635106281356,-1
2025-01-22,23099.15,23169.55,22981.3,23155.35,23859.70181747911,-1
2025-01-23,23128.3,23270.8,23090.65,23205.35,23859.70181747911,-1
2025-01-24,23183.9,23347.3,23050.0,23092.2,23859.70181747911,-1
2025-01-27,22940.15,23007.45,22786.9,22829.15,23684.550249942273,-1
2025-01-28,22960.45,23137.95,22857.65,22957.25,23684.550249942273,-1
2025-01-29,23026.75,23183.35,22976.5,23163.1,23684.550249942273,-1
2025-01-30,23169.5,23322.05,23139.2,23249.5,23684.550249942273,-1
2025-01-31,23296.75,23546.8,23277.4,23508.4,23684.550249942273,-1
2025-02-01,23528.6,23632.45,23318.3,23482.15,23684.550249942273,-1
2025-02-03,23319.35,23381.6,23222.0,23361.05,23684.550249942273,-1
2025-02-04,23509.9,23762.75,23423.15,23739.25,22758.96640237589,1
2025-02-05,23801.75,23807.3,23680.45,23696.3,22955.234762138298,1
2025-02-06,23761.95,23773.55,23556.25,23603.35,22955.234762138298,1
2025-02-07,23649.5,23694.5,23443.2,23559.95,22955.234762138298,1
2025-02-10,23543.8,23568.6,23316.3,23381.6,22955.234762138298,1
2025-02-11,23383.55,23390.05,22986.65,23071.8,22955.234762138298,1
2025-02-12,23050.8,23144.7,22798.35,23045.25,22955.234762138298,1
2025-02-13,23055.75,23235.5,22992.2,23031.4,22955.234762138298,1
2025-02-14,23096.45,23133.7,22774.85,22929.25,23806.033699874515,-1
2025-02-17,22809.9,22974.2,22725.45,22959.5,23691.032829887063,-1
2025-02-18,22963.65,22992.5,22801.5,22945.3,23691.032829887063,-1
2025-02-19,22847.25,23049.95,22814.85,22932.9,23691.032829887063,-1
2025-02-20,22821.1,22923.85,22812.75,22913.15,23627.47550798767,-1
2025-02-21,22857.2,22921.0,22720.3,22795.9,23564.117957188904,-1
2025-02-24,22609.35,22668.05,22518.8,22553.35,23345.67616147001,-1
2025-02-25,22516.45,22625.3,22513.9,22547.55,23280.04604532301,-1
2025-02-27,22568.95,22613.3,22508.4,22545.05,23231.72144079071,-1
2025-02-28,22433.4,22450.35,22104.85,22124.7,23013.444296711637,-1
2025-03-03,22194.55,22261.55,22004.7,22119.3,22872.439867040473,-1
2025-03-04,21974.45,22105.05,21964.6,22082.65,22746.618380336426,-1
2025-03-05,22073.05,22394.9,22067.8,22337.3,22746.618380336426,-1
2025-03-06,22476.35,22556.45,22245.85,22544.7,22746.618380336426,-1
2025-03-07,22508.65,22633.8,22464.75,22552.5,22746.618380336426,-1
2025-03-10,22521.85,22676.75,22429.05,22460.3,22746.618380336426,-1
2025-03-11,22345.95,22522.1,22314.7,22497.9,22746.618380336426,-1
2025-03-12,22536.35,22577.4,22329.55,22470.5,22746.618380336426,-1
2025-03-13,22541.5,22558.05,22377.35,22397.2,22746.618380336426,-1
2025-03-17,22353.15,22577.0,22353.15,22508.75,22746.618380336426,-1
2025-03-18,22662.25,22857.8,22599.2,22834.3,21991.003928848797,1
2025-03-19,22874.95,22940.7,22807.95,22907.6,22170.75353596392,1
2025-03-20,23036.6,23216.7,22973.95,23190.65,22369.380682367526,1
2025-03-21,23168.25,23402.7,23132.8,23350.4,22533.430114130773,1
2025-03-24,23515.4,23708.75,23433.5,23658.35,22802.732102717695,1
2025-03-25,23751.5,23869.6,23601.4,23668.65,22963.486392445928,1
2025-03-26,23700.95,23736.5,23451.7,23486.85,22963.486392445928,1
2025-03-27,23433.95,23646.45,23412.2,23591.95,22963.486392445928,1
2025-03-28,23600.4,23649.2,23450.2,23519.35,22963.486392445928,1
